<?xml version="1.0" encoding="UTF-8"?>
<!DOCTYPE suite SYSTEM "http://testng.org/testng-1.0.dtd">
<suite name="Suite">

	

	<test name="SanityTest">
		<classes>
			<!-- <class name="testcase.Miscellaneous" /> -->
			<class name="Specs.LeadsModuleValidation" ></class>
			<class name="Specs.AOPMakerSpecs" ></class>
			<class name="Specs.NPSReminderValidation" ></class>
			<class name="Specs.RetailerTVValidation" ></class>
			<class name="Specs.NETC" ></class>
			<class name="Specs.NPSSurveyLink" ></class>
			<class name="Specs.OnboardingCustomerCreation" ></class>
			<class name="Specs.PANUpdate" ></class>
			<class name="Specs.VelocityPortal" ></class>





		</classes>


	</test> <!-- Test -->
</suite> <!-- Suite -->
