{
	"required": [
		"meta",
		"data"
	],
	"properties": {
		"meta": {
			"$id": "#/properties/meta",
			"type": "object",
			"title": "The Meta Schema",
			"required": [
				"code",
				"description",
				"status"
			],
			"properties": {
				"code": {
					"$id": "#/properties/meta/properties/code",
					"type": "string",
					"title": "The Code Schema",
					"default": "",
					"examples": [
						"000"
					],
					"pattern": "^(.*)$"
				},
				"description": {
					"$id": "#/properties/meta/properties/description",
					"type": "string",
					"title": "The Description Schema",
					"default": "",
					"examples": [
						"Success"
					],
					"pattern": "^(.*)$"
				},
				"status": {
					"$id": "#/properties/meta/properties/status",
					"type": "integer",
					"title": "The Status Schema",
					"default": 0,
					"examples": [
						0
					]
				}
			}
		},
		"data": {
			"$id": "#/properties/data",
			"type": "object",
			"title": "The Data Schema",
			"required": [
				"mobileDevicesId",
				"imei",
				"platform",
				"deviceMake",
				"deviceModel",
				"screenHeight",
				"screenWidth",
				"osVersion",
				"capability",
				"simId",
				"slotId",
				"createdDate",
				"updatedDate",
				"createdChannel",
				"updatedChannel",
				"version",
				"status"
			],
			"properties": {
				"mobileDevicesId": {
					"$id": "#/properties/data/properties/mobileDevicesId",
					"type": "string",
					"title": "The Mobiledevicesid Schema",
					"default": "",
					"examples": [
						"DEVICE1810201900025982"
					],
					"pattern": "^(.*)$"
				},
				"imei": {
					"$id": "#/properties/data/properties/imei",
					"type": "string",
					"title": "The Imei Schema",
					"default": "",
					"examples": [
						"fb2192d983ceda7a"
					],
					"pattern": "^(.*)$"
				},
				"platform": {
					"$id": "#/properties/data/properties/platform",
					"type": "string",
					"title": "The Platform Schema",
					"default": "",
					"examples": [
						"ANDROID"
					],
					"pattern": "^(.*)$"
				},
				"deviceMake": {
					"$id": "#/properties/data/properties/deviceMake",
					"type": "string",
					"title": "The Devicemake Schema",
					"default": "",
					"examples": [
						"Google"
					],
					"pattern": "^(.*)$"
				},
				"deviceModel": {
					"$id": "#/properties/data/properties/deviceModel",
					"type": "string",
					"title": "The Devicemodel Schema",
					"default": "",
					"examples": [
						"Pixel 3"
					],
					"pattern": "^(.*)$"
				},
				"screenHeight": {
					"$id": "#/properties/data/properties/screenHeight",
					"type": "string",
					"title": "The Screenheight Schema",
					"default": "",
					"examples": [
						"2028"
					],
					"pattern": "^(.*)$"
				},
				"screenWidth": {
					"$id": "#/properties/data/properties/screenWidth",
					"type": "string",
					"title": "The Screenwidth Schema",
					"default": "",
					"examples": [
						"1080"
					],
					"pattern": "^(.*)$"
				},
				"osVersion": {
					"$id": "#/properties/data/properties/osVersion",
					"type": "string",
					"title": "The Osversion Schema",
					"default": "",
					"examples": [
						"10"
					],
					"pattern": "^(.*)$"
				},
				"capability": {
					"$id": "#/properties/data/properties/capability",
					"type": "string",
					"title": "The Capability Schema",
					"default": "",
					"examples": [
						"abc"
					],
					"pattern": "^(.*)$"
				},
				"simId": {
					"$id": "#/properties/data/properties/simId",
					"type": "string",
					"title": "The Simid Schema",
					"default": "",
					"examples": [
						"8991101806245333257"
					],
					"pattern": "^(.*)$"
				},
				"slotId": {
					"$id": "#/properties/data/properties/slotId",
					"type": "string",
					"title": "The Slotid Schema",
					"default": "",
					"examples": [
						"0"
					],
					"pattern": "^(.*)$"
				},
				"createdDate": {
					"$id": "#/properties/data/properties/createdDate",
					"type": "integer",
					"title": "The Createddate Schema",
					"default": 0,
					"examples": [
						1571397222646
					]
				},
				"updatedDate": {
					"$id": "#/properties/data/properties/updatedDate",
					"type": "integer",
					"title": "The Updateddate Schema",
					"default": 0,
					"examples": [
						1574065455826
					]
				},
				"createdChannel": {
					"$id": "#/properties/data/properties/createdChannel",
					"type": "string",
					"title": "The Createdchannel Schema",
					"default": "",
					"examples": [
						"ANDROID"
					],
					"pattern": "^(.*)$"
				},
				"updatedChannel": {
					"$id": "#/properties/data/properties/updatedChannel",
					"type": "string",
					"title": "The Updatedchannel Schema",
					"default": "",
					"examples": [
						"ANDROID"
					],
					"pattern": "^(.*)$"
				},
				"version": {
					"$id": "#/properties/data/properties/version",
					"type": "integer",
					"title": "The Version Schema",
					"default": 0,
					"examples": [
						4
					]
				},
				"status": {
					"$id": "#/properties/data/properties/status",
					"type": "string",
					"title": "The Status Schema",
					"default": "",
					"examples": [
						"ACTIVE"
					],
					"pattern": "^(.*)$"
				}
			}
		}
	}
}