{
	"required": [
		"meta",
		"data"
	],
	"properties": {
		"meta": {
			"$id": "#/properties/meta",
			"type": "object",
			"title": "The Meta Schema",
			"required": [
				"code",
				"description",
				"status"
			],
			"properties": {
				"code": {
					"$id": "#/properties/meta/properties/code",
					"type": "string",
					"title": "The Code Schema",
					"default": "",
					"examples": [
						"000"
					],
					"pattern": "^(.*)$"
				},
				"description": {
					"$id": "#/properties/meta/properties/description",
					"type": "string",
					"title": "The Description Schema",
					"default": "",
					"examples": [
						"Success"
					],
					"pattern": "^(.*)$"
				},
				"status": {
					"$id": "#/properties/meta/properties/status",
					"type": "integer",
					"title": "The Status Schema",
					"default": 0,
					"examples": [
						0
					]
				}
			}
		},
		"data": {
			"$id": "#/properties/data",
			"type": "object",
			"title": "The Data Schema",
			"required": [
				"pay"
			],
			"properties": {
				"pay": {
					"$id": "#/properties/data/properties/pay",
					"type": "array",
					"title": "The Pay Schema",
					"items": {
						"$id": "#/properties/data/properties/pay/items",
						"type": "object",
						"title": "The Items Schema",
						"required": [
							"vpa",
							"remarks",
							"iconuri",
							"name",
							"amount"
						],
						"properties": {
							"vpa": {
								"$id": "#/properties/data/properties/pay/items/properties/vpa",
								"type": "string",
								"title": "The Vpa Schema",
								"default": "",
								"examples": [
									"a@airtel"
								],
								"pattern": "^(.*)$"
							},
							"remarks": {
								"$id": "#/properties/data/properties/pay/items/properties/remarks",
								"type": "string",
								"title": "The Remarks Schema",
								"default": "",
								"examples": [
									"Remarks"
								],
								"pattern": "^(.*)$"
							},
							"iconuri": {
								"$id": "#/properties/data/properties/pay/items/properties/iconuri",
								"type": "string",
								"title": "The Iconuri Schema",
								"default": "",
								"examples": [
									"http://abc"
								],
								"pattern": "^(.*)$"
							},
							"name": {
								"$id": "#/properties/data/properties/pay/items/properties/name",
								"type": "string",
								"title": "The Name Schema",
								"default": "",
								"examples": [
									"Test_AMAN Sim"
								],
								"pattern": "^(.*)$"
							},
							"amount": {
								"$id": "#/properties/data/properties/pay/items/properties/amount",
								"type": "string",
								"title": "The Amount Schema",
								"default": "",
								"examples": [
									"15.0"
								],
								"pattern": "^(.*)$"
							}
						}
					}
				}
			}
		}
	}
}