{
	"required": [
		"meta",
		"data"
	],
	"properties": {
		"meta": {
			"$id": "#/properties/meta",
			"type": "object",
			"title": "The Meta Schema",
			"required": [
				"code",
				"description",
				"status"
			],
			"properties": {
				"code": {
					"$id": "#/properties/meta/properties/code",
					"type": "string",
					"title": "The Code Schema",
					"default": "",
					"examples": [
						"Success"
					],
					"pattern": "^(.*)$"
				},
				"description": {
					"$id": "#/properties/meta/properties/description",
					"type": "string",
					"title": "The Description Schema",
					"default": "",
					"examples": [
						"Success"
					],
					"pattern": "^(.*)$"
				},
				"status": {
					"$id": "#/properties/meta/properties/status",
					"type": "integer",
					"title": "The Status Schema",
					"default": 0,
					"examples": [
						0
					]
				}
			}
		},
		"data": {
			"$id": "#/properties/data",
			"type": "object",
			"title": "The Data Schema",
			"required": [
				"ReqRegMob-FORMAT2",
				"CheckBalance",
				"upi_reg_poll_retry_attempts",
				"upi_txnstatus_color",
				"ChangeMpin",
				"default_collect_exp_days",
				"upi_sms_no",
				"Pay",
				"upi_reg_poll_retry_interval",
				"PAYMENTS2",
				"npciConfig",
				"upi_vpa_handles",
				"ReqRegMob-FORMAT1",
				"upi_sms_text_prefix",
				"upi_txnid_prefix",
				"upi_sms_enc_key",
				"upi_sms_prefix",
				"UPI_MIN_AMT",
				"ForgotMpin-Format2",
				"upi_vpa_regex",
				"ForgotMpin-Format1",
				"UPI_MAX_AMT",
				"upi_contact_invite_message"
			],
			"properties": {
				"ReqRegMob-FORMAT2": {
					"$id": "#/properties/data/properties/ReqRegMob-FORMAT2",
					"type": "string",
					"title": "The Reqregmob-format2 Schema",
					"default": "",
					"examples": [
						"SMS,ATMPIN,MPIN"
					],
					"pattern": "^(.*)$"
				},
				"CheckBalance": {
					"$id": "#/properties/data/properties/CheckBalance",
					"type": "string",
					"title": "The Checkbalance Schema",
					"default": "",
					"examples": [
						"MPIN"
					],
					"pattern": "^(.*)$"
				},
				"upi_reg_poll_retry_attempts": {
					"$id": "#/properties/data/properties/upi_reg_poll_retry_attempts",
					"type": "string",
					"title": "The Upi_reg_poll_retry_attempts Schema",
					"default": "",
					"examples": [
						"3"
					],
					"pattern": "^(.*)$"
				},
				"upi_txnstatus_color": {
					"$id": "#/properties/data/properties/upi_txnstatus_color",
					"type": "string",
					"title": "The Upi_txnstatus_color Schema",
					"default": "",
					"examples": [
						"SUCCESS=#0cb90c=#FF0000=#ee6f0b"
					],
					"pattern": "^(.*)$"
				},
				"ChangeMpin": {
					"$id": "#/properties/data/properties/ChangeMpin",
					"type": "string",
					"title": "The Changempin Schema",
					"default": "",
					"examples": [
						"MPIN,NMPIN"
					],
					"pattern": "^(.*)$"
				},
				"default_collect_exp_days": {
					"$id": "#/properties/data/properties/default_collect_exp_days",
					"type": "string",
					"title": "The Default_collect_exp_days Schema",
					"default": "",
					"examples": [
						"30"
					],
					"pattern": "^(.*)$"
				},
				"upi_sms_no": {
					"$id": "#/properties/data/properties/upi_sms_no",
					"type": "string",
					"title": "The Upi_sms_no Schema",
					"default": "",
					"examples": [
						"9205451770"
					],
					"pattern": "^(.*)$"
				},
				"Pay": {
					"$id": "#/properties/data/properties/Pay",
					"type": "string",
					"title": "The Pay Schema",
					"default": "",
					"examples": [
						"MPIN"
					],
					"pattern": "^(.*)$"
				},
				"upi_reg_poll_retry_interval": {
					"$id": "#/properties/data/properties/upi_reg_poll_retry_interval",
					"type": "string",
					"title": "The Upi_reg_poll_retry_interval Schema",
					"default": "",
					"examples": [
						"3000"
					],
					"pattern": "^(.*)$"
				},
				"PAYMENTS2": {
					"$id": "#/properties/data/properties/PAYMENTS2",
					"type": "string",
					"title": "The Payments2 Schema",
					"default": "",
					"examples": [
						"{\"bank_payment_enquiry_time_ms\": \"10000,20000,30000\",\"bank_purpose_enquiry_time_ms\": \"3000,4000,7000\"}"
					],
					"pattern": "^(.*)$"
				},
				"npciConfig": {
					"$id": "#/properties/data/properties/npciConfig",
					"type": "object",
					"title": "The Npciconfig Schema",
					"required": [
						"ReqRegMob-FORMAT1",
						"ReqRegMob-FORMAT2",
						"ReqPay",
						"ReqSetCre",
						"ReqBalEnq"
					],
					"properties": {
						"ReqRegMob-FORMAT1": {
							"$id": "#/properties/data/properties/npciConfig/properties/ReqRegMob-FORMAT1",
							"type": "string",
							"title": "The Reqregmob-format1 Schema",
							"default": "",
							"examples": [
								"MPIN,SMS"
							],
							"pattern": "^(.*)$"
						},
						"ReqRegMob-FORMAT2": {
							"$id": "#/properties/data/properties/npciConfig/properties/ReqRegMob-FORMAT2",
							"type": "string",
							"title": "The Reqregmob-format2 Schema",
							"default": "",
							"examples": [
								"SMS,ATMPIN"
							],
							"pattern": "^(.*)$"
						},
						"ReqPay": {
							"$id": "#/properties/data/properties/npciConfig/properties/ReqPay",
							"type": "string",
							"title": "The Reqpay Schema",
							"default": "",
							"examples": [
								"MPIN"
							],
							"pattern": "^(.*)$"
						},
						"ReqSetCre": {
							"$id": "#/properties/data/properties/npciConfig/properties/ReqSetCre",
							"type": "string",
							"title": "The Reqsetcre Schema",
							"default": "",
							"examples": [
								"MPIN,NMPIN"
							],
							"pattern": "^(.*)$"
						},
						"ReqBalEnq": {
							"$id": "#/properties/data/properties/npciConfig/properties/ReqBalEnq",
							"type": "string",
							"title": "The Reqbalenq Schema",
							"default": "",
							"examples": [
								"MPIN"
							],
							"pattern": "^(.*)$"
						}
					}
				},
				"upi_vpa_handles": {
					"$id": "#/properties/data/properties/upi_vpa_handles",
					"type": "string",
					"title": "The Upi_vpa_handles Schema",
					"default": "",
					"examples": [
						"@airtel"
					],
					"pattern": "^(.*)$"
				},
				"ReqRegMob-FORMAT1": {
					"$id": "#/properties/data/properties/ReqRegMob-FORMAT1",
					"type": "string",
					"title": "The Reqregmob-format1 Schema",
					"default": "",
					"examples": [
						"SMS,MPIN"
					],
					"pattern": "^(.*)$"
				},
				"upi_sms_text_prefix": {
					"$id": "#/properties/data/properties/upi_sms_text_prefix",
					"type": "string",
					"title": "The Upi_sms_text_prefix Schema",
					"default": "",
					"examples": [
						"AIR"
					],
					"pattern": "^(.*)$"
				},
				"upi_txnid_prefix": {
					"$id": "#/properties/data/properties/upi_txnid_prefix",
					"type": "string",
					"title": "The Upi_txnid_prefix Schema",
					"default": "",
					"examples": [
						"AIR"
					],
					"pattern": "^(.*)$"
				},
				"upi_sms_enc_key": {
					"$id": "#/properties/data/properties/upi_sms_enc_key",
					"type": "string",
					"title": "The Upi_sms_enc_key Schema",
					"default": "",
					"examples": [
						"3ad5485e60a4fecd"
					],
					"pattern": "^(.*)$"
				},
				"upi_sms_prefix": {
					"$id": "#/properties/data/properties/upi_sms_prefix",
					"type": "string",
					"title": "The Upi_sms_prefix Schema",
					"default": "",
					"examples": [
						"AIRUPIUAT"
					],
					"pattern": "^(.*)$"
				},
				"UPI_MIN_AMT": {
					"$id": "#/properties/data/properties/UPI_MIN_AMT",
					"type": "string",
					"title": "The Upi_min_amt Schema",
					"default": "",
					"examples": [
						"1"
					],
					"pattern": "^(.*)$"
				},
				"ForgotMpin-Format2": {
					"$id": "#/properties/data/properties/ForgotMpin-Format2",
					"type": "string",
					"title": "The Forgotmpin-format2 Schema",
					"default": "",
					"examples": [
						"SMS,ATMPIN"
					],
					"pattern": "^(.*)$"
				},
				"upi_vpa_regex": {
					"$id": "#/properties/data/properties/upi_vpa_regex",
					"type": "string",
					"title": "The Upi_vpa_regex Schema",
					"default": "",
					"examples": [
						"[a-zA-Z0-9\\\\.-]+@[a-zA-Z0-9-]+"
					],
					"pattern": "^(.*)$"
				},
				"ForgotMpin-Format1": {
					"$id": "#/properties/data/properties/ForgotMpin-Format1",
					"type": "string",
					"title": "The Forgotmpin-format1 Schema",
					"default": "",
					"examples": [
						"MPIN,SMS"
					],
					"pattern": "^(.*)$"
				},
				"UPI_MAX_AMT": {
					"$id": "#/properties/data/properties/UPI_MAX_AMT",
					"type": "string",
					"title": "The Upi_max_amt Schema",
					"default": "",
					"examples": [
						"100000"
					],
					"pattern": "^(.*)$"
				},
				"upi_contact_invite_message": {
					"$id": "#/properties/data/properties/upi_contact_invite_message",
					"type": "string",
					"title": "The Upi_contact_invite_message Schema",
					"default": "",
					"examples": [
						"$NAME$ is loving the Airtel Payments Bank UPI experience! Inviting you to experience the same. Install now www.airtel.in/5/apbbnkhome  Get Rs 100 on your first transaction."
					],
					"pattern": "^(.*)$"
				}
			}
		}
	}
}