{
  "required": [
    "meta",
    "data"
  ],
  "properties": {
    "meta": {
      "$id": "#/properties/meta",
      "type": "object",
      "title": "The Meta Schema",
      "required": [
        "description",
        "status"
      ],
      "properties": {
        "description": {
          "$id": "#/properties/meta/properties/description",
          "type": "string",
          "title": "The Description Schema",
          "default": "",
          "examples": [
            "Success"
          ],
          "pattern": "^(.*)$"
        },
        "status": {
          "$id": "#/properties/meta/properties/status",
          "type": "integer",
          "title": "The Status Schema",
          "default": 0,
          "examples": [
            0
          ]
        }
      }
    },
    "data": {
      "$id": "#/properties/data",
      "type": "object",
      "title": "The Data Schema",
      "required": [
        "vpas",
        "accounts",
        "migrated"
      ],
      "properties": {
        "vpas": {
          "$id": "#/properties/data/properties/vpas",
          "type": "array",
          "title": "The Vpas Schema",
          "items": {
            "$id": "#/properties/data/properties/vpas/items",
            "type": "object",
            "title": "The Items Schema",
            "required": [
              "vpaId",
              "vpa",
              "primaryAccountId",
              "primary"
            ],
            "properties": {
              "vpaId": {
                "$id": "#/properties/data/properties/vpas/items/properties/vpaId",
                "type": "string",
                "title": "The Vpaid Schema",
                "default": "",
                "examples": [
                  "VPA1811201900002986"
                ],
                "pattern": "^(.*)$"
              },
              "vpa": {
                "$id": "#/properties/data/properties/vpas/items/properties/vpa",
                "type": "string",
                "title": "The Vpa Schema",
                "default": "",
                "examples": [
                  "va@airtel"
                ],
                "pattern": "^(.*)$"
              },
              "primaryAccountId": {
                "$id": "#/properties/data/properties/vpas/items/properties/primaryAccountId",
                "type": "string",
                "title": "The Primaryaccountid Schema",
                "default": "",
                "examples": [
                  "ACC1811201900003420"
                ],
                "pattern": "^(.*)$"
              },
              "primary": {
                "$id": "#/properties/data/properties/vpas/items/properties/primary",
                "type": "boolean",
                "title": "The Primary Schema",
                "default": false,
                "examples": [
                  false
                ]
              }
            }
          }
        },
        "accounts": {
          "$id": "#/properties/data/properties/accounts",
          "type": "array",
          "title": "The Accounts Schema",
          "items": {
            "$id": "#/properties/data/properties/accounts/items",
            "type": "object",
            "title": "The Items Schema",
            "required": [
              "accountId",
              "maskedAccountNumber",
              "bankIfsc",
              "accountType",
              "iin",
              "bankName",
              "name",
              "updateCreds",
              "added",
              "mbeba",
              "abeba",
              "txnLimit",
              "format",
              "alias",
              "credsAllowed",
              "internal"
            ],
            "properties": {
              "accountId": {
                "$id": "#/properties/data/properties/accounts/items/properties/accountId",
                "type": "string",
                "title": "The Accountid Schema",
                "default": "",
                "examples": [
                  "ACC1811201900003420"
                ],
                "pattern": "^(.*)$"
              },
              "maskedAccountNumber": {
                "$id": "#/properties/data/properties/accounts/items/properties/maskedAccountNumber",
                "type": "string",
                "title": "The Maskedaccountnumber Schema",
                "default": "",
                "examples": [
                  "XXXXXXXXXXX0124"
                ],
                "pattern": "^(.*)$"
              },
              "bankIfsc": {
                "$id": "#/properties/data/properties/accounts/items/properties/bankIfsc",
                "type": "string",
                "title": "The Bankifsc Schema",
                "default": "",
                "examples": [
                  "AABE0876543"
                ],
                "pattern": "^(.*)$"
              },
              "accountType": {
                "$id": "#/properties/data/properties/accounts/items/properties/accountType",
                "type": "string",
                "title": "The Accounttype Schema",
                "default": "",
                "examples": [
                  "SOD"
                ],
                "pattern": "^(.*)$"
              },
              "iin": {
                "$id": "#/properties/data/properties/accounts/items/properties/iin",
                "type": "string",
                "title": "The Iin Schema",
                "default": "",
                "examples": [
                  "500003"
                ],
                "pattern": "^(.*)$"
              },
              "bankName": {
                "$id": "#/properties/data/properties/accounts/items/properties/bankName",
                "type": "string",
                "title": "The Bankname Schema",
                "default": "",
                "examples": [
                  "Mybene"
                ],
                "pattern": "^(.*)$"
              },
              "name": {
                "$id": "#/properties/data/properties/accounts/items/properties/name",
                "type": "string",
                "title": "The Name Schema",
                "default": "",
                "examples": [
                  "ABC"
                ],
                "pattern": "^(.*)$"
              },
              "updateCreds": {
                "$id": "#/properties/data/properties/accounts/items/properties/updateCreds",
                "type": "boolean",
                "title": "The Updatecreds Schema",
                "default": false,
                "examples": [
                  false
                ]
              },
              "added": {
                "$id": "#/properties/data/properties/accounts/items/properties/added",
                "type": "boolean",
                "title": "The Added Schema",
                "default": false,
                "examples": [
                  false
                ]
              },
              "mbeba": {
                "$id": "#/properties/data/properties/accounts/items/properties/mbeba",
                "type": "string",
                "title": "The Mbeba Schema",
                "default": "",
                "examples": [
                  "Y"
                ],
                "pattern": "^(.*)$"
              },
              "abeba": {
                "$id": "#/properties/data/properties/accounts/items/properties/abeba",
                "type": "string",
                "title": "The Abeba Schema",
                "default": "",
                "examples": [
                  "Y"
                ],
                "pattern": "^(.*)$"
              },
              "txnLimit": {
                "$id": "#/properties/data/properties/accounts/items/properties/txnLimit",
                "type": "integer",
                "title": "The Txnlimit Schema",
                "default": 0,
                "examples": [
                  10000
                ]
              },
              "format": {
                "$id": "#/properties/data/properties/accounts/items/properties/format",
                "type": "string",
                "title": "The Format Schema",
                "default": "",
                "examples": [
                  "FORMAT2"
                ],
                "pattern": "^(.*)$"
              },
              "alias": {
                "$id": "#/properties/data/properties/accounts/items/properties/alias",
                "type": "string",
                "title": "The Alias Schema",
                "default": "",
                "examples": [
                  "Mybene"
                ],
                "pattern": "^(.*)$"
              },
              "credsAllowed": {
                "$id": "#/properties/data/properties/accounts/items/properties/credsAllowed",
                "type": "array",
                "title": "The Credsallowed Schema",
                "items": {
                  "$id": "#/properties/data/properties/accounts/items/properties/credsAllowed/items",
                  "type": "object",
                  "title": "The Items Schema",
                  "required": [
                    "type",
                    "dtype",
                    "dlength",
                    "subtype",
                    "dType",
                    "dLength"
                  ],
                  "properties": {
                    "type": {
                      "$id": "#/properties/data/properties/accounts/items/properties/credsAllowed/items/properties/type",
                      "type": "string",
                      "title": "The Type Schema",
                      "default": "",
                      "examples": [
                        "OTP"
                      ],
                      "pattern": "^(.*)$"
                    },
                    "dtype": {
                      "$id": "#/properties/data/properties/accounts/items/properties/credsAllowed/items/properties/dtype",
                      "type": "string",
                      "title": "The Dtype Schema",
                      "default": "",
                      "examples": [
                        "NUM"
                      ],
                      "pattern": "^(.*)$"
                    },
                    "dlength": {
                      "$id": "#/properties/data/properties/accounts/items/properties/credsAllowed/items/properties/dlength",
                      "type": "integer",
                      "title": "The Dlength Schema",
                      "default": 0,
                      "examples": [
                        6
                      ]
                    },
                    "subtype": {
                      "$id": "#/properties/data/properties/accounts/items/properties/credsAllowed/items/properties/subtype",
                      "type": "string",
                      "title": "The Subtype Schema",
                      "default": "",
                      "examples": [
                        "SMS"
                      ],
                      "pattern": "^(.*)$"
                    },
                    "dType": {
                      "$id": "#/properties/data/properties/accounts/items/properties/credsAllowed/items/properties/dType",
                      "type": "string",
                      "title": "The Dtype Schema",
                      "default": "",
                      "examples": [
                        "NUM"
                      ],
                      "pattern": "^(.*)$"
                    },
                    "dLength": {
                      "$id": "#/properties/data/properties/accounts/items/properties/credsAllowed/items/properties/dLength",
                      "type": "integer",
                      "title": "The Dlength Schema",
                      "default": 0,
                      "examples": [
                        6
                      ]
                    }
                  }
                }
              },
              "internal": {
                "$id": "#/properties/data/properties/accounts/items/properties/internal",
                "type": "boolean",
                "title": "The Internal Schema",
                "default": false,
                "examples": [
                  false
                ]
              }
            }
          }
        },
        "migrated": {
          "$id": "#/properties/data/properties/migrated",
          "type": "boolean",
          "title": "The Migrated Schema",
          "default": false,
          "examples": [
            true
          ]
        }
      }
    }
  }
}