{
  "required": [
    "meta",
    "data"
  ],
  "properties": {
    "meta": {
      "$id": "#/properties/meta",
      "type": "object",
      "title": "The Meta Schema",
      "required": [
        "code",
        "description",
        "status"
      ],
      "properties": {
        "code": {
          "$id": "#/properties/meta/properties/code",
          "type": "string",
          "title": "The Code Schema",
          "default": "",
          "examples": [
            "0"
          ],
          "pattern": "^(.*)$"
        },
        "description": {
          "$id": "#/properties/meta/properties/description",
          "type": "string",
          "title": "The Description Schema",
          "default": "",
          "examples": [
            "SUCCESS"
          ],
          "pattern": "^(.*)$"
        },
        "status": {
          "$id": "#/properties/meta/properties/status",
          "type": "integer",
          "title": "The Status Schema",
          "default": 0,
          "examples": [
            0
          ]
        }
      }
    },
    "data": {
      "$id": "#/properties/data",
      "type": "object",
      "title": "The Data Schema",
      "required": [
        "txnDetail",
        "transactions"
      ],
      "properties": {
        "txnDetail": {
          "$id": "#/properties/data/properties/txnDetail",
          "type": "object",
          "title": "The Txndetail Schema",
          "required": [
            "pageNumber",
            "limit",
            "totalRecords"
          ],
          "properties": {
            "pageNumber": {
              "$id": "#/properties/data/properties/txnDetail/properties/pageNumber",
              "type": "integer",
              "title": "The Pagenumber Schema",
              "default": 0,
              "examples": [
                1
              ]
            },
            "limit": {
              "$id": "#/properties/data/properties/txnDetail/properties/limit",
              "type": "integer",
              "title": "The Limit Schema",
              "default": 0,
              "examples": [
                3
              ]
            },
            "totalRecords": {
              "$id": "#/properties/data/properties/txnDetail/properties/totalRecords",
              "type": "integer",
              "title": "The Totalrecords Schema",
              "default": 0,
              "examples": [
                36
              ]
            }
          }
        },
        "transactions": {
          "$id": "#/properties/data/properties/transactions",
          "type": "array",
          "title": "The Transactions Schema",
          "items": {
            "$id": "#/properties/data/properties/transactions/items",
            "type": "object",
            "title": "The Items Schema",
            "required": [
              "type",
              "amount",
              "remarks",
              "status",
              "mobileNo",
              "custRef",
              "color",
              "crDr",
              "description",
              "vpa",
              "otherUserName",
              "txnMessage",
              "reversed",
              "refunded",
              "recordDate",
              "narration",
              "displayStatus",
              "transactionId",
              "otherUserVpa",
              "content",
              "isOD"
            ],
            "properties": {
              "type": {
                "$id": "#/properties/data/properties/transactions/items/properties/type",
                "type": "string",
                "title": "The Type Schema",
                "default": "",
                "examples": [
                  "PAY"
                ],
                "pattern": "^(.*)$"
              },
              "amount": {
                "$id": "#/properties/data/properties/transactions/items/properties/amount",
                "type": "string",
                "title": "The Amount Schema",
                "default": "",
                "examples": [
                  "15.0"
                ],
                "pattern": "^(.*)$"
              },
              "remarks": {
                "$id": "#/properties/data/properties/transactions/items/properties/remarks",
                "type": "string",
                "title": "The Remarks Schema",
                "default": "",
                "examples": [
                  "Remarks"
                ],
                "pattern": "^(.*)$"
              },
              "status": {
                "$id": "#/properties/data/properties/transactions/items/properties/status",
                "type": "integer",
                "title": "The Status Schema",
                "default": 0,
                "examples": [
                  3
                ]
              },
              "mobileNo": {
                "$id": "#/properties/data/properties/transactions/items/properties/mobileNo",
                "type": "string",
                "title": "The Mobileno Schema",
                "default": "",
                "examples": [
                  "9205451794"
                ],
                "pattern": "^(.*)$"
              },
              "custRef": {
                "$id": "#/properties/data/properties/transactions/items/properties/custRef",
                "type": "string",
                "title": "The Custref Schema",
                "default": "",
                "examples": [
                  "005012102419"
                ],
                "pattern": "^(.*)$"
              },
              "color": {
                "$id": "#/properties/data/properties/transactions/items/properties/color",
                "type": "string",
                "title": "The Color Schema",
                "default": "",
                "examples": [
                  "#0000ff"
                ],
                "pattern": "^(.*)$"
              },
              "crDr": {
                "$id": "#/properties/data/properties/transactions/items/properties/crDr",
                "type": "string",
                "title": "The Crdr Schema",
                "default": "",
                "examples": [
                  "DR"
                ],
                "pattern": "^(.*)$"
              },
              "description": {
                "$id": "#/properties/data/properties/transactions/items/properties/description",
                "type": "string",
                "title": "The Description Schema",
                "default": "",
                "examples": [
                  "Pay to Test_AMAN Sim"
                ],
                "pattern": "^(.*)$"
              },
              "vpa": {
                "$id": "#/properties/data/properties/transactions/items/properties/vpa",
                "type": "string",
                "title": "The Vpa Schema",
                "default": "",
                "examples": [
                  "va@airtel"
                ],
                "pattern": "^(.*)$"
              },
              "otherUserName": {
                "$id": "#/properties/data/properties/transactions/items/properties/otherUserName",
                "type": "string",
                "title": "The Otherusername Schema",
                "default": "",
                "examples": [
                  "Test_AMAN Sim"
                ],
                "pattern": "^(.*)$"
              },
              "txnMessage": {
                "$id": "#/properties/data/properties/transactions/items/properties/txnMessage",
                "type": "string",
                "title": "The Txnmessage Schema",
                "default": "",
                "examples": [
                  "Your txn is pending. We will update shortly.."
                ],
                "pattern": "^(.*)$"
              },
              "reversed": {
                "$id": "#/properties/data/properties/transactions/items/properties/reversed",
                "type": "boolean",
                "title": "The Reversed Schema",
                "default": false,
                "examples": [
                  false
                ]
              },
              "refunded": {
                "$id": "#/properties/data/properties/transactions/items/properties/refunded",
                "type": "boolean",
                "title": "The Refunded Schema",
                "default": false,
                "examples": [
                  false
                ]
              },
              "recordDate": {
                "$id": "#/properties/data/properties/transactions/items/properties/recordDate",
                "type": "string",
                "title": "The Recorddate Schema",
                "default": "",
                "examples": [
                  "2020-02-19 12:18:56"
                ],
                "pattern": "^(.*)$"
              },
              "narration": {
                "$id": "#/properties/data/properties/transactions/items/properties/narration",
                "type": "string",
                "title": "The Narration Schema",
                "default": "",
                "examples": [
                  "Remarks"
                ],
                "pattern": "^(.*)$"
              },
              "displayStatus": {
                "$id": "#/properties/data/properties/transactions/items/properties/displayStatus",
                "type": "string",
                "title": "The Displaystatus Schema",
                "default": "",
                "examples": [
                  "INITIATED"
                ],
                "pattern": "^(.*)$"
              },
              "transactionId": {
                "$id": "#/properties/data/properties/transactions/items/properties/transactionId",
                "type": "string",
                "title": "The Transactionid Schema",
                "default": "",
                "examples": [
                  "APBbcc70326436044d1a5372db78decc545"
                ],
                "pattern": "^(.*)$"
              },
              "otherUserVpa": {
                "$id": "#/properties/data/properties/transactions/items/properties/otherUserVpa",
                "type": "string",
                "title": "The Otheruservpa Schema",
                "default": "",
                "examples": [
                  "a@airtel"
                ],
                "pattern": "^(.*)$"
              },
              "content": {
                "$id": "#/properties/data/properties/transactions/items/properties/content",
                "type": "array",
                "title": "The Content Schema",
                "items": {
                  "$id": "#/properties/data/properties/transactions/items/properties/content/items",
                  "type": "object",
                  "title": "The Items Schema",
                  "required": [
                    "field",
                    "value"
                  ],
                  "properties": {
                    "field": {
                      "$id": "#/properties/data/properties/transactions/items/properties/content/items/properties/field",
                      "type": "string",
                      "title": "The Field Schema",
                      "default": "",
                      "examples": [
                        "Bene VPA"
                      ],
                      "pattern": "^(.*)$"
                    },
                    "value": {
                      "$id": "#/properties/data/properties/transactions/items/properties/content/items/properties/value",
                      "type": "string",
                      "title": "The Value Schema",
                      "default": "",
                      "examples": [
                        "a@airtel"
                      ],
                      "pattern": "^(.*)$"
                    }
                  }
                }
              },
              "isOD": {
                "$id": "#/properties/data/properties/transactions/items/properties/isOD",
                "type": "boolean",
                "title": "The Isod Schema",
                "default": false,
                "examples": [
                  false
                ]
              }
            }
          }
        }
      }
    }
  }
}