{
  "required": [
    "meta",
    "data"
  ],
  "properties": {
    "meta": {
      "$id": "#/properties/meta",
      "type": "object",
      "title": "The Meta Schema",
      "required": [
        "description",
        "status"
      ],
      "properties": {
        "description": {
          "$id": "#/properties/meta/properties/description",
          "type": "string",
          "title": "The Description Schema",
          "default": "",
          "examples": [
            "VPA added successfully"
          ],
          "pattern": "^(.*)$"
        },
        "status": {
          "$id": "#/properties/meta/properties/status",
          "type": "integer",
          "title": "The Status Schema",
          "default": 0,
          "examples": [
            0
          ]
        }
      }
    },
    "data": {
      "$id": "#/properties/data",
      "type": "object",
      "title": "The Data Schema",
      "required": [
        "vpaId",
        "migrated"
      ],
      "properties": {
        "vpaId": {
          "$id": "#/properties/data/properties/vpaId",
          "type": "string",
          "title": "The Vpaid Schema",
          "default": "",
          "examples": [
            "VPA0702202000003286"
          ],
          "pattern": "^(.*)$"
        },
        "migrated": {
          "$id": "#/properties/data/properties/migrated",
          "type": "boolean",
          "title": "The Migrated Schema",
          "default": false,
          "examples": [
            false
          ]
        }
      }
    }
  }
}