{
  "required": [
    "meta"
  ],
  "properties": {
    "meta": {
      "$id": "#/properties/meta",
      "type": "object",
      "title": "The Meta Schema",
      "required": [
        "code",
        "description",
        "status"
      ],
      "properties": {
        "code": {
          "$id": "#/properties/meta/properties/code",
          "type": "string",
          "title": "The Code Schema",
          "default": "",
          "examples": [
            "VP1001"
          ],
          "pattern": "^(.*)$"
        },
        "description": {
          "$id": "#/properties/meta/properties/description",
          "type": "string",
          "title": "The Description Schema",
          "default": "",
          "examples": [
            "Invalid VPA"
          ],
          "pattern": "^(.*)$"
        },
        "status": {
          "$id": "#/properties/meta/properties/status",
          "type": "integer",
          "title": "The Status Schema",
          "default": 0,
          "examples": [
            1
          ]
        }
      }
    }
  }
}