{
  "required": [
    "meta",
    "data"
  ],
  "properties": {
    "meta": {
      "$id": "#/properties/meta",
      "type": "object",
      "title": "The Meta Schema",
      "required": [
        "code",
        "description",
        "status"
      ],
      "properties": {
        "code": {
          "$id": "#/properties/meta/properties/code",
          "type": "string",
          "title": "The Code Schema",
          "default": "",
          "examples": [
            "0"
          ],
          "pattern": "^(.*)$"
        },
        "description": {
          "$id": "#/properties/meta/properties/description",
          "type": "string",
          "title": "The Description Schema",
          "default": "",
          "examples": [
            "Success"
          ],
          "pattern": "^(.*)$"
        },
        "status": {
          "$id": "#/properties/meta/properties/status",
          "type": "integer",
          "title": "The Status Schema",
          "default": 0,
          "examples": [
            0
          ]
        }
      }
    },
    "data": {
      "$id": "#/properties/data",
      "type": "object",
      "title": "The Data Schema",
      "required": [
        "balance"
      ],
      "properties": {
        "balance": {
          "$id": "#/properties/data/properties/balance",
          "type": "string",
          "title": "The Balance Schema",
          "default": "",
          "examples": [
            "405.25"
          ],
          "pattern": "^(.*)$"
        }
      }
    }
  }
}