{
	"required": [
		"meta",
		"data"
	],
	"properties": {
		"meta": {
			"$id": "#/properties/meta",
			"type": "object",
			"title": "The Meta Schema",
			"required": [
				"description",
				"status"
			],
			"properties": {
				"description": {
					"$id": "#/properties/meta/properties/description",
					"type": "string",
					"title": "The Description Schema",
					"default": "",
					"examples": [
						"Success"
					],
					"pattern": "^(.*)$"
				},
				"status": {
					"$id": "#/properties/meta/properties/status",
					"type": "integer",
					"title": "The Status Schema",
					"default": 0,
					"examples": [
						0
					]
				}
			}
		},
		"data": {
			"$id": "#/properties/data",
			"type": "object",
			"title": "The Data Schema",
			"required": [
				"status"
			],
			"properties": {
				"status": {
					"$id": "#/properties/data/properties/status",
					"type": "string",
					"title": "The Status Schema",
					"default": "",
					"examples": [
						"success"
					],
					"pattern": "^(.*)$"
				}
			}
		}
	}
}