{
  "required": [
    "meta",
    "data"
  ],
  "properties": {
    "meta": {
      "$id": "#/properties/meta",
      "type": "object",
      "title": "The Meta Schema",
      "required": [
        "code",
        "description",
        "status"
      ],
      "properties": {
        "code": {
          "$id": "#/properties/meta/properties/code",
          "type": "string",
          "title": "The Code Schema",
          "default": "",
          "examples": [
            "200"
          ],
          "pattern": "^(.*)$"
        },
        "description": {
          "$id": "#/properties/meta/properties/description",
          "type": "string",
          "title": "The Description Schema",
          "default": "",
          "examples": [
            "Something went wrong"
          ],
          "pattern": "^(.*)$"
        },
        "status": {
          "$id": "#/properties/meta/properties/status",
          "type": "integer",
          "title": "The Status Schema",
          "default": 0,
          "examples": [
            0
          ]
        }
      }
    },
    "data": {
      "$id": "#/properties/data",
      "type": "object",
      "title": "The Data Schema",
      "required": [
        "type",
        "amount",
        "remarks",
        "status",
        "mobileNo",
        "custRef",
        "color",
        "crDr",
        "description",
        "vpa",
        "otherUserName",
        "reversed",
        "refunded",
        "recordDate",
        "narration",
        "displayStatus",
        "transactionId",
        "otherUserVpa",
        "content",
        "isOD"
      ],
      "properties": {
        "type": {
          "$id": "#/properties/data/properties/type",
          "type": "string",
          "title": "The Type Schema",
          "default": "",
          "examples": [
            "PAY"
          ],
          "pattern": "^(.*)$"
        },
        "amount": {
          "$id": "#/properties/data/properties/amount",
          "type": "string",
          "title": "The Amount Schema",
          "default": "",
          "examples": [
            "18.0"
          ],
          "pattern": "^(.*)$"
        },
        "remarks": {
          "$id": "#/properties/data/properties/remarks",
          "type": "string",
          "title": "The Remarks Schema",
          "default": "",
          "examples": [
            "Remarks"
          ],
          "pattern": "^(.*)$"
        },
        "status": {
          "$id": "#/properties/data/properties/status",
          "type": "integer",
          "title": "The Status Schema",
          "default": 0,
          "examples": [
            3
          ]
        },
        "mobileNo": {
          "$id": "#/properties/data/properties/mobileNo",
          "type": "string",
          "title": "The Mobileno Schema",
          "default": "",
          "examples": [
            "9205451794"
          ],
          "pattern": "^(.*)$"
        },
        "custRef": {
          "$id": "#/properties/data/properties/custRef",
          "type": "string",
          "title": "The Custref Schema",
          "default": "",
          "examples": [
            "005612102536"
          ],
          "pattern": "^(.*)$"
        },
        "color": {
          "$id": "#/properties/data/properties/color",
          "type": "string",
          "title": "The Color Schema",
          "default": "",
          "examples": [
            "#0000ff"
          ],
          "pattern": "^(.*)$"
        },
        "crDr": {
          "$id": "#/properties/data/properties/crDr",
          "type": "string",
          "title": "The Crdr Schema",
          "default": "",
          "examples": [
            "DR"
          ],
          "pattern": "^(.*)$"
        },
        "description": {
          "$id": "#/properties/data/properties/description",
          "type": "string",
          "title": "The Description Schema",
          "default": "",
          "examples": [
            "Pay to Test_AMAN Sim"
          ],
          "pattern": "^(.*)$"
        },
        "vpa": {
          "$id": "#/properties/data/properties/vpa",
          "type": "string",
          "title": "The Vpa Schema",
          "default": "",
          "examples": [
            "va@airtel"
          ],
          "pattern": "^(.*)$"
        },
        "otherUserName": {
          "$id": "#/properties/data/properties/otherUserName",
          "type": "string",
          "title": "The Otherusername Schema",
          "default": "",
          "examples": [
            "Test_AMAN Sim"
          ],
          "pattern": "^(.*)$"
        },
        "reversed": {
          "$id": "#/properties/data/properties/reversed",
          "type": "boolean",
          "title": "The Reversed Schema",
          "default": false,
          "examples": [
            false
          ]
        },
        "refunded": {
          "$id": "#/properties/data/properties/refunded",
          "type": "boolean",
          "title": "The Refunded Schema",
          "default": false,
          "examples": [
            false
          ]
        },
        "recordDate": {
          "$id": "#/properties/data/properties/recordDate",
          "type": "string",
          "title": "The Recorddate Schema",
          "default": "",
          "examples": [
            "2020-02-25 12:34:36"
          ],
          "pattern": "^(.*)$"
        },
        "narration": {
          "$id": "#/properties/data/properties/narration",
          "type": "string",
          "title": "The Narration Schema",
          "default": "",
          "examples": [
            "Remarks"
          ],
          "pattern": "^(.*)$"
        },
        "displayStatus": {
          "$id": "#/properties/data/properties/displayStatus",
          "type": "string",
          "title": "The Displaystatus Schema",
          "default": "",
          "examples": [
            "INITIATED"
          ],
          "pattern": "^(.*)$"
        },
        "transactionId": {
          "$id": "#/properties/data/properties/transactionId",
          "type": "string",
          "title": "The Transactionid Schema",
          "default": "",
          "examples": [
            "APBdc82cf6fb28d46a69f022ddf2df86c8j"
          ],
          "pattern": "^(.*)$"
        },
        "otherUserVpa": {
          "$id": "#/properties/data/properties/otherUserVpa",
          "type": "string",
          "title": "The Otheruservpa Schema",
          "default": "",
          "examples": [
            "a@airtel"
          ],
          "pattern": "^(.*)$"
        },
        "content": {
          "$id": "#/properties/data/properties/content",
          "type": "array",
          "title": "The Content Schema",
          "items": {
            "$id": "#/properties/data/properties/content/items",
            "type": "object",
            "title": "The Items Schema",
            "required": [
              "field",
              "value"
            ],
            "properties": {
              "field": {
                "$id": "#/properties/data/properties/content/items/properties/field",
                "type": "string",
                "title": "The Field Schema",
                "default": "",
                "examples": [
                  "Bene VPA"
                ],
                "pattern": "^(.*)$"
              },
              "value": {
                "$id": "#/properties/data/properties/content/items/properties/value",
                "type": "string",
                "title": "The Value Schema",
                "default": "",
                "examples": [
                  "a@airtel"
                ],
                "pattern": "^(.*)$"
              }
            }
          }
        },
        "isOD": {
          "$id": "#/properties/data/properties/isOD",
          "type": "boolean",
          "title": "The Isod Schema",
          "default": false,
          "examples": [
            true
          ]
        }
      }
    }
  }
}