{
  "required": [
    "meta"
  ],
  "properties": {
    "meta": {
      "$id": "#/properties/meta",
      "type": "object",
      "required": [
        "description",
        "status"
      ],
      "properties": {
        "description": {
          "$id": "#/properties/meta/properties/description",
          "type": "string",
          "default": "",
          "examples": [
            "Primary VPA updated"
          ],
          "pattern": "^(.*)$"
        },
        "status": {
          "$id": "#/properties/meta/properties/status",
          "type": "integer",
          "default": 0,
          "examples": [
            0
          ]
        }
      }
    }
  }
}