{
  "@type": "com.github.mkolisnyk.cucumber.reporting.types.knownerrors.KnownErrorsModel", 
  "errorDescriptions": [
    {
      "title":"@known: Aadhaar Pay Api",
      "description": "",
      "filter": {
        "alias": "Aadhaar Pay",
        "dimensionValue": {
          "@id": 0,
          "name": "TAG"
        },
        "expression": "@known"
      },
      "priority": {
        "name": "LOWEST",
        "ordinal": 4
      }
    },
    {
      "title":"@knownbug: Aadhaar Pay Api",
      "description": "",
      "filter": {
        "alias": "Aadhaar Pay",
        "dimensionValue": {
          "@id": 0,
          "name": "TAG"
        },
        "expression": "@knownbug"
      },
      "priority": {
        "name": "LOWEST",
        "ordinal": 4
      }
    }
  ], 
  "orderBy": {
    "name": "FREQUENCY", 
    "ordinal": 1
  }
}
